grid,algorithm,heuristic,status,cost,nodes_expanded,frontier_or_iters,seconds
g1_tiny,dfs,n/a,ok,12.0,16.0,5.0,0.0001
g1_tiny,astar,h0,ok,7.0,21.0,4.0,0.0003
g1_tiny,astar,h1,ok,7.0,20.0,5.0,0.0002
g1_tiny,astar,h2,ok,7.0,13.0,4.0,0.0002
g1_tiny,astar,h3,ok,7.0,8.0,5.0,0.0002
g1_tiny,idastar,h0,ok,7.0,95.0,8.0,0.0004
g1_tiny,idastar,h1,ok,7.0,52.0,6.0,0.0002
g1_tiny,idastar,h2,ok,7.0,27.0,4.0,0.0002
g1_tiny,idastar,h3,ok,7.0,8.0,1.0,0.0001
g2_open,dfs,n/a,ok,36.0,48.0,32.0,0.0004
g2_open,astar,h0,ok,12.0,98.0,17.0,0.0008
g2_open,astar,h1,ok,12.0,96.0,18.0,0.0008
g2_open,astar,h2,ok,12.0,76.0,21.0,0.0008
g2_open,astar,h3,ok,12.0,35.0,27.0,0.0007
g2_open,idastar,h0,ok,12.0,15586.0,13.0,0.0491
g2_open,idastar,h1,ok,12.0,3821.0,10.0,0.0131
g2_open,idastar,h2,ok,12.0,616.0,4.0,0.0034
g2_open,idastar,h3,ok,12.0,12.0,1.0,0.0002
g3_blocks,dfs,n/a,ok,43.0,69.0,34.0,0.0005
g3_blocks,astar,h0,ok,15.0,411.0,61.0,0.002
g3_blocks,astar,h1,ok,15.0,331.0,71.0,0.0031
g3_blocks,astar,h2,ok,15.0,256.0,87.0,0.002
g3_blocks,astar,h3,ok,15.0,34.0,32.0,0.0008
g3_blocks,idastar,h0,ok,15.0,29281.0,16.0,0.0852
g3_blocks,idastar,h1,ok,15.0,4463.0,11.0,0.0151
g3_blocks,idastar,h2,ok,15.0,2010.0,8.0,0.0113
g3_blocks,idastar,h3,ok,15.0,15.0,1.0,0.0005
g4_pillars,dfs,n/a,ok,80.0,110.0,50.0,0.001
g4_pillars,astar,h0,ok,19.0,1160.0,161.0,0.0052
g4_pillars,astar,h1,ok,19.0,850.0,201.0,0.0038
g4_pillars,astar,h2,ok,19.0,510.0,191.0,0.0036
g4_pillars,astar,h3,ok,19.0,20.0,19.0,0.0006
g4_pillars,idastar,h0,ok,19.0,58097.0,20.0,0.1524
g4_pillars,idastar,h1,ok,19.0,8883.0,14.0,0.0249
g4_pillars,idastar,h2,ok,19.0,4174.0,12.0,0.021
g4_pillars,idastar,h3,ok,19.0,19.0,1.0,0.0005
g5_rooms,dfs,n/a,ok,92.0,136.0,68.0,0.0008
g5_rooms,astar,h0,ok,25.0,2403.0,237.0,0.0118
g5_rooms,astar,h1,ok,25.0,2097.0,274.0,0.0105
g5_rooms,astar,h2,ok,25.0,1651.0,380.0,0.0111
g5_rooms,astar,h3,ok,25.0,123.0,87.0,0.0022
g5_rooms,idastar,h0,ok,25.0,17817953.0,26.0,51.8366
g5_rooms,idastar,h1,ok,25.0,1802996.0,19.0,5.2508
g5_rooms,idastar,h2,ok,25.0,731040.0,17.0,3.8231
g5_rooms,idastar,h3,ok,25.0,708.0,4.0,0.0106
g6_corridor,dfs,n/a,ok,121.0,195.0,90.0,0.0011
g6_corridor,astar,h0,ok,32.0,10873.0,940.0,0.1583
g6_corridor,astar,h1,ok,32.0,7665.0,1066.0,0.0821
g6_corridor,astar,h2,ok,32.0,5797.0,1282.0,0.0849
g6_corridor,astar,h3,ok,32.0,76.0,52.0,0.0015
g6_corridor,idastar,h0,TIMEOUT,,,,60.0643
g6_corridor,idastar,h1,TIMEOUT,,,,60.0555
g6_corridor,idastar,h2,ok,32.0,9126492.0,21.0,49.9039
g6_corridor,idastar,h3,ok,32.0,59.0,3.0,0.0017
